<?xml version="1.0" encoding="utf-8" ?>
<Bookmarks>
	<Bookmark>
		<Id>1</Id>
		<Name>Ask</Name>
		<Icon>i_ask.gif</Icon>
		<URL>http://www.ask.com</URL>
		<Active>False</Active>
	</Bookmark>
	<Bookmark>
		<Id>2</Id>
		<Name>BackFlip</Name>
		<Icon>i_backflip.gif</Icon>
		<URL>http://www.backflip.com</URL>
		<Active>False</Active>
	</Bookmark>
	<Bookmark>
		<Id>3</Id>
		<Name>BlinkList</Name>
		<Icon>i_bl.gif</Icon>
		<URL>http://www.blinklist.com</URL>
		<Active>False</Active>
	</Bookmark>
	<Bookmark>
		<Id>4</Id>
		<Name>Blogg-Buzz</Name>
		<Icon>i_blogbuzz.jpg</Icon>
		<URL>http://www.blogg-buzz.com</URL>
		<Active>False</Active>
	</Bookmark>
	<Bookmark>
		<Id>5</Id>
		<Name>BlueDot</Name>
		<Icon>i_bluedot.gif</Icon>
		<URL>http://bluedot.us</URL>
		<Active>False</Active>
	</Bookmark>
	<Bookmark>
		<Id>6</Id>
		<Name>BlogMarks</Name>
		<Icon>i_bm.gif</Icon>
		<URL>http://www.blogmarks.net</URL>
		<Active>False</Active>
	</Bookmark>
	<Bookmark>
		<Id>7</Id>
		<Name>coComments</Name>
		<Icon>i_co_mments.gif</Icon>
		<URL>http://www.cocomments.com</URL>
		<Active>False</Active>
	</Bookmark>
	<Bookmark>
		<Id>8</Id>
		<Name>Del.icio.us</Name>
		<Icon>i_delicious.gif</Icon>
		<URL>http://del.icio.us</URL>
		<Active>True</Active>
	</Bookmark>
	<Bookmark>
		<Id>9</Id>
		<Name>De.lirio.us</Name>
		<Icon>i_delirious.gif</Icon>
		<URL>http://de.lirio.us/</URL>
		<Active>False</Active>
	</Bookmark>
	<Bookmark>
		<Id>10</Id>
		<Name>Digg</Name>
		<Icon>i_digg.gif</Icon>
		<URL>http://www.digg.com</URL>
		<Active>True</Active>
	</Bookmark>
	<Bookmark>
		<Id>11</Id>
		<Name>Fark</Name>
		<Icon>i_fark.gif</Icon>
		<URL>http://www.fark.com</URL>
		<Active>False</Active>
	</Bookmark>
	<Bookmark>
		<Id>12</Id>
		<Name>Internet Explorer</Name>
		<Icon>i_fav_ie.gif</Icon>
		<URL></URL>
		<Active>False</Active>
	</Bookmark>
	<Bookmark>
		<Id>13</Id>
		<Name>FeedMeLinks</Name>
		<Icon>i_feedmelinks.gif</Icon>
		<URL>http://www.feedmelinks.com</URL>
		<Active>False</Active>
	</Bookmark>
	<Bookmark>
		<Id>14</Id>
		<Name>Furl</Name>
		<Icon>i_furl.gif</Icon>
		<URL>http://www.furl.net</URL>
		<Active>False</Active>
	</Bookmark>
	<Bookmark>
		<Id>15</Id>
		<Name>Google Bookmarks</Name>
		<Icon>i_google.gif</Icon>
		<URL>http://www.google.com/bookmarks</URL>
		<Active>False</Active>
	</Bookmark>
	<Bookmark>
		<Id>16</Id>
		<Name>LinkAGoGo</Name>
		<Icon>i_linkagogo.gif</Icon>
		<URL>http://www.linkagogo.net</URL>
		<Active>False</Active>
	</Bookmark>
	<Bookmark>
		<Id>17</Id>
		<Name>Magnolia</Name>
		<Icon>i_magnolia.gif</Icon>
		<URL>http://ma.gnolia.com</URL>
		<Active>False</Active>
	</Bookmark>
	<Bookmark>
		<Id>18</Id>
		<Name>MSN Bookmarks</Name>
		<Icon>i_msn.gif</Icon>
		<URL>http://favorites.live.com</URL>
		<Active>False</Active>
	</Bookmark>
	<Bookmark>
		<Id>19</Id>
		<Name>NetVouz</Name>
		<Icon>i_netvouz.gif</Icon>
		<URL>http://www.netvouz.com</URL>
		<Active>False</Active>
	</Bookmark>
	<Bookmark>
		<Id>20</Id>
		<Name>Netscape Bookmarks</Name>
		<Icon>i_ns.gif</Icon>
		<URL>http://www.netscape.com</URL>
		<Active>False</Active>
	</Bookmark>
	<Bookmark>
		<Id>21</Id>
		<Name>Newsvine</Name>
		<Icon>i_nv.gif</Icon>
		<URL>http://www.newsvine.com</URL>
		<Active>False</Active>
	</Bookmark>
	<Bookmark>
		<Id>22</Id>
		<Name>Pluck</Name>
		<Icon>i_pluck.gif</Icon>
		<URL>http://www.pluck.com</URL>
		<Active>False</Active>
	</Bookmark>
	<Bookmark>
		<Id>23</Id>
		<Name>RawSugar</Name>
		<Icon>i_rawsugar.gif</Icon>
		<URL>http://www.rawsugar.com</URL>
		<Active>False</Active>
	</Bookmark>
	<Bookmark>
		<Id>24</Id>
		<Name>Reddit</Name>
		<Icon>i_reddit.gif</Icon>
		<URL>http://www.reddit.com</URL>
		<Active>True</Active>
	</Bookmark>
	<Bookmark>
		<Id>25</Id>
		<Name>Rojo</Name>
		<Icon>i_rojo.gif</Icon>
		<URL>http://www.rojo.com</URL>
		<Active>False</Active>
	</Bookmark>
	<Bookmark>
		<Id>26</Id>
		<Name>Shadows</Name>
		<Icon>i_shadows.gif</Icon>
		<URL>http://www.shadows.com</URL>
		<Active>False</Active>
	</Bookmark>
	<Bookmark>
		<Id>27</Id>
		<Name>Simpy</Name>
		<Icon>i_simpy.gif</Icon>
		<URL>http://www.simpy.com</URL>
		<Active>False</Active>
	</Bookmark>
	<Bookmark>
		<Id>28</Id>
		<Name>Spurl</Name>
		<Icon>i_spurl.gif</Icon>
		<URL>http://www.spurl.net</URL>
		<Active>False</Active>
	</Bookmark>
	<Bookmark>
		<Id>29</Id>
		<Name>StumbleUpon</Name>
		<Icon>i_stumble.gif</Icon>
		<URL>http://www.stumbleupon.com</URL>
		<Active>True</Active>
	</Bookmark>
	<Bookmark>
		<Id>30</Id>
		<Name>Technorati</Name>
		<Icon>i_technorati.gif</Icon>
		<URL>http://www.technorati.com</URL>
		<Active>True</Active>
	</Bookmark>
	<Bookmark>
		<Id>31</Id>
		<Name>TailRank</Name>
		<Icon>i_tr.gif</Icon>
		<URL>http://www.tailrank.com</URL>
		<Active>False</Active>
	</Bookmark>
	<Bookmark>
		<Id>32</Id>
		<Name>Wink</Name>
		<Icon>i_wink.gif</Icon>
		<URL>http://www.wink.com</URL>
		<Active>False</Active>
	</Bookmark>
	<Bookmark>
		<Id>33</Id>
		<Name>Yahoo Bookmarks</Name>
		<Icon>i_yahoo.gif</Icon>
		<URL>http://bookmarks.yahoo.com</URL>
		<Active>False</Active>
	</Bookmark>
</Bookmarks>