<?xml version="1.0" encoding="ISO-8859-1"?>
<settings>
	<slideshow>
	<photo image="images/01.jpg" bigimage = "images/01.jpg" url="http://www.flashxml.net/accordion.html" target="_blank" lightboxinfo = "Description for image 1" time="3" shortText="This is a video" media="videos/fantasy.flv" mediaImage="videos/fantasy.jpg" skin="videoSkin1.xml" width="350" height="300" position="CC" paddingH="0" paddinvV="0" autoplay="false">
	<![CDATA[<head>Hello</head>]]></photo>	
	
	<photo image="images/02.jpg" bigimage = "images/02.jpg" url="http://www.flashxml.net/accordion.html" target="_blank" lightboxinfo = "Description for image 2" time="4" shortText="This is a picture">
	<![CDATA[<head>Download the new Accordion FX</head><body>it's FREE</body>]]></photo>
	
	<photo image="images/03.jpg" bigimage = "images/03.jpg" url="http://www.flashxml.net/accordion.html" target="_blank" lightboxinfo = "Description for image 3" time="5" shortText="Third picture">
	<![CDATA[<head>Lots of properties to customize</head><body>Test them below</body>]]></photo>
	
	<photo image="images/04.jpg" bigimage = "images/04.jpg" url="http://www.flashxml.net/accordion.html" target="_blank" lightboxinfo = "Description for image 4" time="6">
	<![CDATA[<head>Text effects, zoom and Ken Burns image effects</head><body>everything is customizable through XML</body>]]></photo>
	
	<photo image="images/05.jpg" bigimage = "images/05.jpg" url="http://www.flashxml.net/accordion.html" target="_blank" lightboxinfo = "Description for image 5" time="4" shortText="This is another video" media="videos/green.flv" mediaImage="videos/green.jpg" skin="videoSkin2.xml" width="350" height="300" position="CC" paddingH="0" paddinvV="0" autoplay="true">
	<![CDATA[<head>Multiple roll over effects</head><body>and image effects</body>]]></photo>	
		
	<photo image="images/06.jpg" bigimage = "images/06.jpg" url="http://www.flashxml.net/accordion.html" target="_blank" lightboxinfo = "Description for image 6" time="6" >
	<![CDATA[<head>The text is HTML/CSS formatted, with any possible <font color="#ff0000">color</font>, <b><i>style,</i></b> <font size="30">size</font> and <a href="http://www.flashxml.net" target="_blank">link</a></head>]]></photo>
		
	<photo image="images/07.jpg" bigimage = "images/07.jpg" url="http://www.flashxml.net/accordion.html" target="_blank" lightboxinfo = "Description for image 7" time="5">
	<![CDATA[<head>Play/pause buttons, autoPlay option</head><body>Customizable duration for each image</body>]]></photo>
	
	<photo image="images/08.jpg" bigimage = "images/08.jpg" url="http://www.flashxml.net/accordion.html" target="_blank" lightboxinfo = "Description for image 8" time="4">
	<![CDATA[<head>Click <a href="http://www.flashxml.net/accordion.html" target="_blank">here</a> to read instructions on how to install this Accordion on your website for FREE</head>]]></photo>
	
	
	</slideshow>
</settings>