<?xml version="1.0" encoding="utf-8"?><AllDnnNews><Template><CommentFooterTemplate><![CDATA[               </table>
            </td>
        </tr>
        </table>]]></CommentFooterTemplate><CommentHeaderTemplate><![CDATA[ <table width="100%">
        <tr>
            <td>
               <span class="SubHead"> Comments:</span>
            </td>
        </tr>
        <tr>
            <td>

                        <table>]]></CommentHeaderTemplate><CommentTemplate><![CDATA[                            <tr>
                                <td>
                                   <span class="Normal"> User Name:</span>
                                   <span class="Normal"> [UserName]</span>
                                </td>
                                <td>
                                  <span class="Normal"> UserId:[UserId]</span>
                                </td>
                                <td>
                                  <span class="Normal"> Published Date:[PublishedDate|dd~MM~yyyy]</span>
                                </td>
                                <td>
                                  <span class="Normal"> IP:[IP|2]</span>
                                </td>
                            </tr>
                            <tr>
                                <td colspan="4">
                                   <span class="Normal"> [Comment]</span>
                                </td>
                            </tr>]]></CommentTemplate><Content><![CDATA[<tr><td width="100%" class="Normal"><a href="[Link]">[Title]</a></td><td width="100" class="Normal">[CreatedDate]</td></tr>]]></Content><DetailTemplate><![CDATA[<table width="600"><tr><td><H2>[title]</H2></td></tr><tr><td align="center"><hr>Created Date:[CreatedDate]<hr/></td></tr><tr><td>[Description]</td></tr></table>]]></DetailTemplate><EditPageWidth><![CDATA[600]]></EditPageWidth><EditTemplate><![CDATA[]]></EditTemplate><FooterContent><![CDATA[</table>]]></FooterContent><HeaderContent><![CDATA[<table cellspacing="0"  border="0" style="border-collapse:collapse;" width="600"><tr><td colspan=3 align=right><a href='[rss]' target='_blank' ><img src='/images/action_rss.gif' border=0></a></td></tr>]]></HeaderContent><Name><![CDATA[News]]></Name></Template><Template><CommentFooterTemplate><![CDATA[               </table>
            </td>
        </tr>
        </table>]]></CommentFooterTemplate><CommentHeaderTemplate><![CDATA[ <table width="600">
        <tr>
            <td>
               <span class="SubHead"> Comments:</span>
            </td>
        </tr>
        <tr>
            <td>

                        <table  width="100%">]]></CommentHeaderTemplate><CommentTemplate><![CDATA[                            <tr>
                                <td>
                                   <span class="Normal"> By:[UserName] ([IP|2])</span>
                                </td>
                                                                <td>
                                  <span class="Normal"> On:[PublishedDate]</span>
                                </td>
                                </tr>
                            <tr>
                                <td colspan="2">
                                   <span class="Normal"> [Comment]</span>
<hr />
                                </td>
                            </tr>]]></CommentTemplate><Content><![CDATA[<tr><td class="Normal"><a href="[Link]">[Title]</a></td><td class="Normal">[CreatedDate]</td><td class="Normal">[ExpiredDate]</td></tr>]]></Content><DetailTemplate><![CDATA[<table width="600"><tr><td><H2>[title]</H3></td></tr><tr><td><hr>By:[CreatedUser]  On:[CreatedDate] Until:[ExpiredDate]<hr/></td></tr><tr><td>[Description]</td></tr></table>]]></DetailTemplate><EditPageWidth><![CDATA[600]]></EditPageWidth><EditTemplate><![CDATA[]]></EditTemplate><FooterContent><![CDATA[</table>]]></FooterContent><HeaderContent><![CDATA[<table cellspacing="0"  border="0" style="border-collapse:collapse;" width="600"><tr><td colspan=3 align=right><a href='[rss]' target='_blank' ><img src='/images/action_rss.gif' border=0></a></td></tr><tr><td class="SubHead" width="100%" >Title</td><td class="SubHead" width="130">Publish</td><td class="SubHead" width="130">Valid</td></tr>]]></HeaderContent><Name><![CDATA[NoPicAd]]></Name></Template><Template><CommentFooterTemplate><![CDATA[               </table>
            </td>
        </tr>
        </table>]]></CommentFooterTemplate><CommentHeaderTemplate><![CDATA[ <table width="600">
        <tr>
            <td>
               <span class="SubHead"> Comments:</span>
            </td>
        </tr>
        <tr>
            <td>

                        <table  width="100%">]]></CommentHeaderTemplate><CommentTemplate><![CDATA[                            <tr>
                                <td>
                                   <span class="Normal"> By:[UserName] ([IP|2])</span>
                                </td>
                                                                <td>
                                  <span class="Normal"> On:[PublishedDate]</span>
                                </td>
                                </tr>
                            <tr>
                                <td colspan="2">
                                   <span class="Normal"> [Comment]</span>
<hr />
                                </td>
                            </tr>]]></CommentTemplate><Content><![CDATA[<tr><td class="Normal" valign="middle">[HasIcon]<img src="[Icon]" style="max-width:80px" alt=" "> [/HasIcon]<a href="[Link]">[Title]</a></td><td  class="Normal" nowrap>[CreatedDate]</td><td class="Normal" nowrap> - [ExpiredDate]</td></tr>]]></Content><DetailTemplate><![CDATA[<table width="600"><tr><td><H2>[title]</H3></td></tr><tr><td><hr>By:[CreatedUser]  On:[CreatedDate] Until:[ExpiredDate]<hr/></td></tr>[HasIcon]<tr><td align="center"><img src="[Icon]" style="max-width:500px" alt=" "></td></tr>[/HasIcon]<tr><td>[Description]</td></tr></table>]]></DetailTemplate><EditPageWidth><![CDATA[600]]></EditPageWidth><EditTemplate><![CDATA[]]></EditTemplate><FooterContent><![CDATA[</table>]]></FooterContent><HeaderContent><![CDATA[<table cellspacing="0"  border="0" style="border-collapse:collapse;" width="600"><tr><td colspan=3 align=right><a href='[rss]' target='_blank' ><img src='/images/action_rss.gif' border=0></a></td></tr><tr><td class="SubHead" width="100%" >Title</td><td class="SubHead" width="130">Publish</td><td class="SubHead" width="130">Valid</td></tr>]]></HeaderContent><Name><![CDATA[PicAd]]></Name></Template><Template><CommentFooterTemplate><![CDATA[               </table>
            </td>
        </tr>
        </table>]]></CommentFooterTemplate><CommentHeaderTemplate><![CDATA[ <table width="600">
        <tr>
            <td>
               <span class="SubHead"> Comments:</span>
            </td>
        </tr>
        <tr>
            <td>

                        <table  width="100%">]]></CommentHeaderTemplate><CommentTemplate><![CDATA[                            <tr>
                                <td>
                                   <span class="Normal"> By:[UserName] ([IP|2])</span>
                                </td>
                                                                <td>
                                  <span class="Normal"> On:[PublishedDate]</span>
                                </td>
                                </tr>
                            <tr>
                                <td colspan="2">
                                   <span class="Normal"> [Comment]</span>
<hr />
                                </td>
                            </tr>]]></CommentTemplate><Content><![CDATA[<tr><td width="100%" class="Normal"><a href="[Link]">[HasIcon][Image][/HasIcon][Title]</a></td><td width="100" class="Normal">[CreatedDate]</td></tr>]]></Content><DetailTemplate><![CDATA[]]></DetailTemplate><EditPageWidth><![CDATA[600]]></EditPageWidth><EditTemplate><![CDATA[]]></EditTemplate><FooterContent><![CDATA[</table>]]></FooterContent><HeaderContent><![CDATA[<table cellspacing="0"  border="0" style="border-collapse:collapse;" width="600">]]></HeaderContent><Name><![CDATA[Latest]]></Name></Template><Template><CommentFooterTemplate><![CDATA[               </table>
            </td>
        </tr>
        </table>]]></CommentFooterTemplate><CommentHeaderTemplate><![CDATA[ <table width="600">
        <tr>
            <td>
               <span class="SubHead"> Comments:</span>
            </td>
        </tr>
        <tr>
            <td>

                        <table  width="100%">]]></CommentHeaderTemplate><CommentTemplate><![CDATA[                            <tr>
                                <td>
                                   <span class="Normal"> By:[UserName] ([IP|2])</span>
                                </td>
                                                                <td>
                                  <span class="Normal"> On:[PublishedDate]</span>
                                </td>
                                </tr>
                            <tr>
                                <td colspan="2">
                                   <span class="Normal"> [Comment]</span>
<hr />
                                </td>
                            </tr>]]></CommentTemplate><Content><![CDATA[<tr><td class="Normal" valign="middle">[HasIcon]<img src="[Icon]" style="max-width:80px" alt=" "> [/HasIcon]<a href="[Link]">[Title]</a></td><td  class="Normal" nowrap>[CreatedDate]</td><td class="Normal" nowrap> - [ExpiredDate]</td></tr>]]></Content><DetailTemplate><![CDATA[<table width="600"><tr><td><H2>[title]</H3></td></tr><tr><td><hr>By:[CreatedUser]  On:[CreatedDate] Until:[ExpiredDate]<hr/></td></tr>[HasIcon]<tr><td align="center"><img src="[Icon]" style="max-width:500px" alt=" "></td></tr>[/HasIcon]<tr><td>[Description]</td></tr></table>]]></DetailTemplate><EditPageWidth><![CDATA[600]]></EditPageWidth><EditTemplate><![CDATA[<table width="100%">
<tr><td width="120">Area:</td><td>[Textbox:100]</td></tr>
<tr><td width="120">Type:</td><td>[Radiobutton:For Sale|Wanted|Rent|Share]</td></tr>
<tr><td width="120">Sex:</td><td>[Radiobutton:Does not matter|Men|Women]</td></tr>
<tr><td width="120">Rooms:</td><td>[Radiobutton:1 Beadroom|2 Bedrooms|3 Bedrooms|4 Bedrooms|Others]</td></tr>
<tr><td width="120">Price:</td><td>[Textbox:100]</td></tr>
<tr><td width="120">Size:</td><td>[Textbox:50]Sq</td></tr>
<tr><td width="120">Furniture:</td><td>[Checkbox:Gas|A/C|Heat|Cabel|Telephone|Internet|TV|Beds|Washmachine|Refrigerator]</td></tr>
<tr><td width="120">Address:</td><td>[Textbox:200|50]</td></tr>
<tr><td width="120">Description:</td><td>[Textbox:400|100]</td></tr>
<tr><td width="120">Contact:</td><td>[Textbox:200]</td></tr>
</table>]]></EditTemplate><FooterContent><![CDATA[</table>]]></FooterContent><HeaderContent><![CDATA[<table cellspacing="0"  border="0" style="border-collapse:collapse;" width="600"><tr><td colspan=3 align=right><a href='[rss]' target='_blank' ><img src='/images/action_rss.gif' border=0></a></td></tr><tr><td class="SubHead" width="100%" >Title</td><td class="SubHead" width="130">Publish</td><td class="SubHead" width="130">Valid</td></tr>]]></HeaderContent><Name><![CDATA[House]]></Name></Template><Template><CommentFooterTemplate><![CDATA[               </table>
            </td>
        </tr>
        </table>]]></CommentFooterTemplate><CommentHeaderTemplate><![CDATA[ <table width="600">
        <tr>
            <td>
               <span class="SubHead"> Comments:</span>
            </td>
        </tr>
        <tr>
            <td>

                        <table  width="100%">]]></CommentHeaderTemplate><CommentTemplate><![CDATA[                            <tr>
                                <td>
                                   <span class="Normal"> By:[UserName] ([IP|2])</span>
                                </td>
                                                                <td>
                                  <span class="Normal"> On:[PublishedDate]</span>
                                </td>
                                </tr>
                            <tr>
                                <td colspan="2">
                                   <span class="Normal"> [Comment]</span>
<hr />
                                </td>
                            </tr>]]></CommentTemplate><Content><![CDATA[<tr><td class="Normal"><a href="[Link]">[Title]</a></td><td class="Normal">[CreatedDate]</td><td class="Normal">[ExpiredDate]</td></tr>]]></Content><DetailTemplate><![CDATA[<table width="600"><tr><td><H2>[title]</H3></td></tr><tr><td><hr>By:[CreatedUser]  On:[CreatedDate] Until:[ExpiredDate]<hr/></td></tr><tr><td>[Description]</td></tr></table>]]></DetailTemplate><EditPageWidth><![CDATA[600]]></EditPageWidth><EditTemplate><![CDATA[<table width="100%">
<tr><td width="120">Address:</td><td>[Textbox:200|50]</td></tr>
<tr><td width="120">Telephone:</td><td>[Textbox:100]</td></tr>
<tr><td width="120">Type:</td><td>[Dropdownlist:American Cuisine|Bakeries|Catering|Chinese|German|Italian|Mediterranean|Mexican|Seafood|Steaks|Sushi|Thai Cuisine]</td></tr>
<tr><td width="120">Cost:</td><td>[Textbox:50]$ per person</td></tr>
<tr><td width="120">Description:</td><td>[Textbox:400|100]</td></tr>
</table>]]></EditTemplate><FooterContent><![CDATA[</table>]]></FooterContent><HeaderContent><![CDATA[<table cellspacing="0"  border="0" style="border-collapse:collapse;" width="600"><tr><td colspan=3 align=right><a href='[rss]' target='_blank' ><img src='/images/action_rss.gif' border=0></a></td></tr><tr><td class="SubHead" width="100%" >Title</td><td class="SubHead" width="130">Publish</td><td class="SubHead" width="130">Valid</td></tr>]]></HeaderContent><Name><![CDATA[Restaurant]]></Name></Template><Template><CommentFooterTemplate><![CDATA[               </table>
            </td>
        </tr>
        </table>]]></CommentFooterTemplate><CommentHeaderTemplate><![CDATA[ <table width="600">
        <tr>
            <td>
               <span class="SubHead"> Comments:</span>
            </td>
        </tr>
        <tr>
            <td>

                        <table  width="100%">]]></CommentHeaderTemplate><CommentTemplate><![CDATA[                            <tr>
                                <td>
                                   <span class="Normal"> By:[UserName] ([IP|2])</span>
                                </td>
                                                                <td>
                                  <span class="Normal"> On:[PublishedDate]</span>
                                </td>
                                </tr>
                            <tr>
                                <td colspan="2">
                                   <span class="Normal"> [Comment]</span>
<hr />
                                </td>
                            </tr>]]></CommentTemplate><Content><![CDATA[<tr><td class="Normal"><a href="[Link]">[Title]</a></td><td class="Normal">[CreatedDate]</td><td class="Normal">[ExpiredDate]</td></tr>]]></Content><DetailTemplate><![CDATA[<table width="600"><tr><td><H2>[title]</H3></td></tr><tr><td><hr>By:[CreatedUser]  On:[CreatedDate] Until:[ExpiredDate]<hr/></td></tr><tr><td>[Description]</td></tr></table>]]></DetailTemplate><EditPageWidth><![CDATA[600]]></EditPageWidth><EditTemplate><![CDATA[<table width="100%">
<tr><td width="120">Type:</td><td>[Checkbox:Men seek Men|Men seek Women|Women seek Men|Women seek Women|Friends|Business|Others]</td></tr>
<tr><td width="120">Age:</td><td>[Textbox:100]</td></tr>
<tr><td width="120">Area:</td><td>[Textbox:100]</td></tr>
<tr><td width="120">Description:</td><td>[Textbox:400|100]</td></tr>
<tr><td width="120">Contact:</td><td>[Textbox:200]</td></tr>
</table>]]></EditTemplate><FooterContent><![CDATA[</table>]]></FooterContent><HeaderContent><![CDATA[<table cellspacing="0"  border="0" style="border-collapse:collapse;" width="600"><tr><td colspan=3 align=right><a href='[rss]' target='_blank' ><img src='/images/action_rss.gif' border=0></a></td></tr><tr><td class="SubHead" width="100%" >Title</td><td class="SubHead" width="130">Publish</td><td class="SubHead" width="130">Valid</td></tr>]]></HeaderContent><Name><![CDATA[Personal]]></Name></Template><Template><CommentFooterTemplate><![CDATA[               </table>
            </td>
        </tr>
        </table>]]></CommentFooterTemplate><CommentHeaderTemplate><![CDATA[ <table width="600">
        <tr>
            <td>
               <span class="SubHead"> Comments:</span>
            </td>
        </tr>
        <tr>
            <td>

                        <table  width="100%">]]></CommentHeaderTemplate><CommentTemplate><![CDATA[                            <tr>
                                <td>
                                   <span class="Normal"> By:[UserName] ([IP|2])</span>
                                </td>
                                                                <td>
                                  <span class="Normal"> On:[PublishedDate]</span>
                                </td>
                                </tr>
                            <tr>
                                <td colspan="2">
                                   <span class="Normal"> [Comment]</span>
<hr />
                                </td>
                            </tr>]]></CommentTemplate><Content><![CDATA[<tr><td class="Normal"><a href="[Link]">[Title]</a></td><td class="Normal">[CreatedDate]</td><td class="Normal">[ExpiredDate]</td></tr>]]></Content><DetailTemplate><![CDATA[<table width="600"><tr><td><H2>[title]</H3></td></tr><tr><td><hr>By:[CreatedUser]  On:[CreatedDate] Until:[ExpiredDate]<hr/></td></tr><tr><td>[Description]</td></tr></table>]]></DetailTemplate><EditPageWidth><![CDATA[600]]></EditPageWidth><EditTemplate><![CDATA[<table width="100%">
<tr><td width="120">Start:</td><td>[Textbox:100]</td></tr>
<tr><td width="120">End:</td><td>[Textbox:100]</td></tr>
<tr><td width="120">Free:</td><td>[ACheckbox]</td></tr>
<tr><td width="120">Description:</td><td>[Textbox:400|100]</td></tr>
<tr><td width="120">Contact:</td><td>[Textbox:200]</td></tr>
</table>]]></EditTemplate><FooterContent><![CDATA[</table>]]></FooterContent><HeaderContent><![CDATA[<table cellspacing="0"  border="0" style="border-collapse:collapse;" width="600"><tr><td colspan=3 align=right><a href='[rss]' target='_blank' ><img src='/images/action_rss.gif' border=0></a></td></tr><tr><td class="SubHead" width="100%" >Title</td><td class="SubHead" width="130">Publish</td><td class="SubHead" width="130">Valid</td></tr>]]></HeaderContent><Name><![CDATA[Events]]></Name></Template><Template><CommentFooterTemplate><![CDATA[               </table>
            </td>
        </tr>
        </table>]]></CommentFooterTemplate><CommentHeaderTemplate><![CDATA[ <table width="600">
        <tr>
            <td>
               <span class="SubHead"> Comments:</span>
            </td>
        </tr>
        <tr>
            <td>

                        <table  width="100%">]]></CommentHeaderTemplate><CommentTemplate><![CDATA[                            <tr>
                                <td>
                                   <span class="Normal"> By:[UserName] ([IP|2])</span>
                                </td>
                                                                <td>
                                  <span class="Normal"> On:[PublishedDate]</span>
                                </td>
                                </tr>
                            <tr>
                                <td colspan="2">
                                   <span class="Normal"> [Comment]</span>
<hr />
                                </td>
                            </tr>]]></CommentTemplate><Content><![CDATA[<tr><td class="Normal"><a href="[Link]">[Title]</a></td><td class="Normal">[CreatedDate]</td><td class="Normal">[ExpiredDate]</td></tr>]]></Content><DetailTemplate><![CDATA[<table width="600"><tr><td><H2>[title]</H3></td></tr><tr><td><hr>By:[CreatedUser]  On:[CreatedDate] Until:[ExpiredDate]<hr/></td></tr><tr><td>[Description]</td></tr></table>]]></DetailTemplate><EditPageWidth><![CDATA[600]]></EditPageWidth><EditTemplate><![CDATA[<table width="100%">
<tr><td width="120">From:</td><td>[Textbox:100]</td></tr>
<tr><td width="120">To:</td><td>[Textbox:100]</td></tr>
<tr><td width="120">Seats:</td><td>[Radiobutton:No Car|1|2|3|4]</td></tr>
<tr><td width="120">Description:</td><td>[Textbox:400|100]</td></tr>
<tr><td width="120">Contact:</td><td>[Textbox:200]</td></tr>
</table>
]]></EditTemplate><FooterContent><![CDATA[</table>]]></FooterContent><HeaderContent><![CDATA[<table cellspacing="0"  border="0" style="border-collapse:collapse;" width="600"><tr><td colspan=3 align=right><a href='[rss]' target='_blank' ><img src='/images/action_rss.gif' border=0></a></td></tr><tr><td class="SubHead" width="100%" >Title</td><td class="SubHead" width="130">Publish</td><td class="SubHead" width="130">Valid</td></tr>]]></HeaderContent><Name><![CDATA[Carpool]]></Name></Template><Template><CommentFooterTemplate><![CDATA[               </table>
            </td>
        </tr>
        </table>]]></CommentFooterTemplate><CommentHeaderTemplate><![CDATA[ <table width="600">
        <tr>
            <td>
               <span class="SubHead"> Comments:</span>
            </td>
        </tr>
        <tr>
            <td>

                        <table  width="100%">]]></CommentHeaderTemplate><CommentTemplate><![CDATA[                            <tr>
                                <td>
                                   <span class="Normal"> By:[UserName] ([IP|2])</span>
                                </td>
                                                                <td>
                                  <span class="Normal"> On:[PublishedDate]</span>
                                </td>
                                </tr>
                            <tr>
                                <td colspan="2">
                                   <span class="Normal"> [Comment]</span>
<hr />
                                </td>
                            </tr>]]></CommentTemplate><Content><![CDATA[<tr><td class="Normal"><a href="[Link]">[Title]</a></td><td class="Normal">[CreatedDate]</td><td class="Normal">[ExpiredDate]</td></tr>]]></Content><DetailTemplate><![CDATA[<table width="600"><tr><td><H2>[title]</H3></td></tr><tr><td><hr>By:[CreatedUser]  On:[CreatedDate] Until:[ExpiredDate]<hr/></td></tr><tr><td>[Description]</td></tr></table>]]></DetailTemplate><EditPageWidth><![CDATA[600]]></EditPageWidth><EditTemplate><![CDATA[<table width="100%">
<tr><td width="120">Area:</td><td>[Textbox:100]</td></tr>
<tr><td width="120">Type:</td><td>[Radiobutton:Full Time|Part time|Contract|Internship|Others]</td></tr>
<tr><td width="120">Salary:</td><td>[Textbox:100]</td></tr>
<tr><td width="120">Description:</td><td>[Textbox:400|100]</td></tr>
<tr><td width="120">Contact:</td><td>[Textbox:200]</td></tr>
</table>]]></EditTemplate><FooterContent><![CDATA[</table>]]></FooterContent><HeaderContent><![CDATA[<table cellspacing="0"  border="0" style="border-collapse:collapse;" width="600"><tr><td colspan=3 align=right><a href='[rss]' target='_blank' ><img src='/images/action_rss.gif' border=0></a></td></tr><tr><td class="SubHead" width="100%" >Title</td><td class="SubHead" width="130">Publish</td><td class="SubHead" width="130">Valid</td></tr>]]></HeaderContent><Name><![CDATA[Job]]></Name></Template><Template><CommentFooterTemplate><![CDATA[               </table>
            </td>
        </tr>
        </table>]]></CommentFooterTemplate><CommentHeaderTemplate><![CDATA[ <table width="600">
        <tr>
            <td>
               <span class="SubHead"> Comments:</span>
            </td>
        </tr>
        <tr>
            <td>

                        <table  width="100%">]]></CommentHeaderTemplate><CommentTemplate><![CDATA[                            <tr>
                                <td>
                                   <span class="Normal"> By:[UserName] ([IP|2])</span>
                                </td>
                                                                <td>
                                  <span class="Normal"> On:[PublishedDate]</span>
                                </td>
                                </tr>
                            <tr>
                                <td colspan="2">
                                   <span class="Normal"> [Comment]</span>
<hr />
                                </td>
                            </tr>]]></CommentTemplate><Content><![CDATA[<tr><td class="Normal"><a href="[Link]">[Title]</a></td><td class="Normal">[CreatedDate]</td><td class="Normal">[ExpiredDate]</td></tr>]]></Content><DetailTemplate><![CDATA[<table width="600"><tr><td><H2>[title]</H3></td></tr><tr><td><hr>By:[CreatedUser]  On:[CreatedDate] Until:[ExpiredDate]<hr/></td></tr><tr><td>[Description]</td></tr></table>]]></DetailTemplate><EditPageWidth><![CDATA[600]]></EditPageWidth><EditTemplate><![CDATA[<table width="100%">
<tr><td width="120">Area:</td><td>[Textbox:100]</td></tr>
<tr><td width="120">Type:</td><td>[Dropdownlist:automotive|beauty|computer|creative|erotic|financial|household|legal|lessons|move|real estate|travel|write]</td></tr>
<tr><td width="120">Rate:</td><td>[Textbox:100]</td></tr>
<tr><td width="120">Description:</td><td>[Textbox:400|100]</td></tr>
<tr><td width="120">Contact:</td><td>[Textbox:200]</td></tr>
</table>]]></EditTemplate><FooterContent><![CDATA[</table>]]></FooterContent><HeaderContent><![CDATA[<table cellspacing="0"  border="0" style="border-collapse:collapse;" width="600"><tr><td colspan=3 align=right><a href='[rss]' target='_blank' ><img src='/images/action_rss.gif' border=0></a></td></tr><tr><td class="SubHead" width="100%" >Title</td><td class="SubHead" width="130">Publish</td><td class="SubHead" width="130">Valid</td></tr>]]></HeaderContent><Name><![CDATA[Service]]></Name></Template><Template><CommentFooterTemplate><![CDATA[               </table>
            </td>
        </tr>
        </table>]]></CommentFooterTemplate><CommentHeaderTemplate><![CDATA[ <table width="600">
        <tr>
            <td>
               <span class="SubHead"> Comments:</span>
            </td>
        </tr>
        <tr>
            <td>

                        <table  width="100%">]]></CommentHeaderTemplate><CommentTemplate><![CDATA[                            <tr>
                                <td>
                                   <span class="Normal"> By:[UserName] ([IP|2])</span>
                                </td>
                                                                <td>
                                  <span class="Normal"> On:[PublishedDate]</span>
                                </td>
                                </tr>
                            <tr>
                                <td colspan="2">
                                   <span class="Normal"> [Comment]</span>
<hr />
                                </td>
                            </tr>]]></CommentTemplate><Content><![CDATA[<tr><td class="Normal" valign="middle">[HasIcon]<img src="[Icon]" style="max-width:80px" alt=" "> [/HasIcon]<a href="[Link]">[Title]</a></td><td  class="Normal" nowrap>[CreatedDate]</td><td class="Normal" nowrap> - [ExpiredDate]</td></tr>]]></Content><DetailTemplate><![CDATA[<table width="600"><tr><td><H2>[title]</H3></td></tr><tr><td><hr>By:[CreatedUser]  On:[CreatedDate] Until:[ExpiredDate]<hr/></td></tr>[HasIcon]<tr><td align="center"><img src="[Icon]" style="max-width:500px" alt=" "></td></tr>[/HasIcon]<tr><td>[Description]</td></tr></table>]]></DetailTemplate><EditPageWidth><![CDATA[600]]></EditPageWidth><EditTemplate><![CDATA[<table width="100%">
<tr><td width="120">Area:</td><td>[Textbox:100]</td></tr>
<tr><td width="120">Condition:</td><td>[Radiobutton:New|Used]</td></tr>
<tr><td width="120">Price:</td><td>[Textbox:100]$</td></tr>
<tr><td width="120">Description:</td><td>[Textbox:400|100]</td></tr>
<tr><td width="120">Contact:</td><td>[Textbox:200]</td></tr>
</table>]]></EditTemplate><FooterContent><![CDATA[</table>]]></FooterContent><HeaderContent><![CDATA[<table cellspacing="0"  border="0" style="border-collapse:collapse;" width="600"><tr><td colspan=3 align=right><a href='[rss]' target='_blank' ><img src='/images/action_rss.gif' border=0></a></td></tr><tr><td class="SubHead" width="100%" >Title</td><td class="SubHead" width="130">Publish</td><td class="SubHead" width="130">Valid</td></tr>]]></HeaderContent><Name><![CDATA[Sale]]></Name></Template><Template><CommentFooterTemplate><![CDATA[               </table>
            </td>
        </tr>
        </table>]]></CommentFooterTemplate><CommentHeaderTemplate><![CDATA[ <table width="600">
        <tr>
            <td>
               <span class="SubHead"> Comments:</span>
            </td>
        </tr>
        <tr>
            <td>

                        <table  width="100%">]]></CommentHeaderTemplate><CommentTemplate><![CDATA[                            <tr>
                                <td>
                                   <span class="Normal"> By:[UserName] ([IP|2])</span>
                                </td>
                                                                <td>
                                  <span class="Normal"> On:[PublishedDate]</span>
                                </td>
                                </tr>
                            <tr>
                                <td colspan="2">
                                   <span class="Normal"> [Comment]</span>
<hr />
                                </td>
                            </tr>]]></CommentTemplate><Content><![CDATA[<tr><td class="Normal" valign="middle">[HasIcon]<img src="[Icon]" style="max-width:80px" alt=" "> [/HasIcon]<a href="[Link]">[Title]</a></td><td  class="Normal" nowrap>[CreatedDate]</td><td class="Normal" nowrap> - [ExpiredDate]</td></tr>]]></Content><DetailTemplate><![CDATA[<table width="600"><tr><td><H2>[title]</H3></td></tr><tr><td><hr>By:[CreatedUser]  On:[CreatedDate] Until:[ExpiredDate]<hr/></td></tr>[HasIcon]<tr><td align="center"><img src="[Icon]" style="max-width:500px" alt=" "></td></tr>[/HasIcon]<tr><td>[Description]</td></tr></table>]]></DetailTemplate><EditPageWidth><![CDATA[600]]></EditPageWidth><EditTemplate><![CDATA[<table width="100%">
<tr><td width="120">Maker:</td><td>[Dropdownlist:Acura|AM General|Aston Martin|Audi|Bentley|BMW|Bugatti|Buick|Cadillac|Chevrolet|Chrysler|Daewoo|Dodge|Ford|GMC|Honda|HUMMER|Hyundaiissan|Oldsmobile|Panoz|Plymouth|Pontiac|Porsche|Rolls-Royce|Saab|Saturn|Scion|smart|Subaru|Suzuki|Tesla|Toyota|Volkswagen|Volvo
]</td></tr>
<tr><td width="120">Model:</td><td>[Textbox:100]</td></tr>
<tr><td width="120">Year:</td><td>[Textbox:100]</td></tr>
<tr><td width="120">Millege:</td><td>[Textbox:100]</td></tr>
<tr><td width="120">Price:</td><td>[Textbox:100]</td></tr>
<tr><td width="120">Description:</td><td>[Textbox:400|100]</td></tr>
<tr><td width="120">Contact:</td><td>[Textbox:200]</td></tr>
</table>]]></EditTemplate><FooterContent><![CDATA[</table>]]></FooterContent><HeaderContent><![CDATA[<table cellspacing="0"  border="0" style="border-collapse:collapse;" width="600"><tr><td colspan=3 align=right><a href='[rss]' target='_blank' ><img src='/images/action_rss.gif' border=0></a></td></tr><tr><td class="SubHead" width="100%" >Title</td><td class="SubHead" width="130">Publish</td><td class="SubHead" width="130">Valid</td></tr>]]></HeaderContent><Name><![CDATA[Auto]]></Name></Template></AllDnnNews>