<Objects>
	<Object>
		<Token>[DNNRADMENU]</Token>
		<Settings>
			<Setting>
				<Name>Skin</Name>
				<Value>Topmenu</Value>
			</Setting>
			<Setting>
				<Name>EnableEmbeddedSkins</Name>
				<Value>false</Value>
			</Setting>
			<Setting>
                <Name>SelectedPathHeaderItemCss</Name>
                <Value>focused</Value>
            </Setting>
			<Setting>
                <Name>SelectedPathItemCss</Name>
                <Value>focused</Value>
            </Setting>
			<Setting>
                <Name>ShowPath</Name>
                <Value>true</Value>
            </Setting> 
		</Settings>
	</Object>
	<Object>
		<Token>[LEFTMENU]</Token>
		<Settings>
			<Setting>
				<Name>Skin</Name>
				<Value>Dnn</Value>
			</Setting>
			<Setting>
				<Name>Width</Name>
				<Value>220</Value>
			</Setting>
            <Setting>
                <Name>SelectedPathHeaderItemCss</Name>
                <Value>selected</Value>
            </Setting>
            <Setting>
                <Name>ShowOnlyCurrent</Name>
                <Value>RootItem</Value>
            </Setting>
            <Setting>
                <Name>ShowPath</Name>
                <Value>true</Value>
            </Setting>
            <Setting>
                <Name>SelectedPathItemCss</Name>
                <Value>subselected</Value>
            </Setting>
		</Settings>
	</Object>
	<Object>
		<Token>[STYLES]</Token>
		<Settings>
			<Setting>
				<Name>Name</Name>
				<Value>Sidemenu</Value>
			</Setting>		
			<Setting>
				<Name>StyleSheet</Name>
				<Value>Navigation/styles.css</Value>
			</Setting>				
			<Setting>
				<Name>UseSkinPath</Name>
				<Value>True</Value>
			</Setting>
		</Settings>
	</Object>
	<Object>
		<Token>[TEXT]</Token>
		<Settings>
			<Setting>
				<Name>CssClass</Name>
				<Value>breadcrumb_text</Value>
			</Setting>
			<Setting>
				<Name>Text</Name>
				<Value>You are here</Value>
			</Setting>
			<Setting>
				<Name>ResourceKey</Name>
				<Value>Breadcrumb</Value>
			</Setting>
		</Settings>
	</Object>
	<Object>
		<Token>[BREADCRUMB]</Token>
		<Settings>
			<Setting>
				<Name>RootLevel</Name>
				<Value>0</Value>
			</Setting>		
			<Setting>
				<Name>Separator</Name>
         		<Value><![CDATA[&nbsp;<img src=&quot;images/arrow.gif&quot; border=&quot;0&quot; alt=&quot;arrow&quot; /&gt;&nbsp;]]></Value>
			</Setting>			
			<Setting>
				<Name>CssClass</Name>
				<Value>Breadcrumb</Value>
			</Setting>
		</Settings>
	</Object>	
	<Object>
		<Token>[USER]</Token>
		<Settings>
			<Setting>
				<Name>CssClass</Name>
				<Value>user</Value>
			</Setting>
		</Settings>
	</Object>
	<Object>
		<Token>[LOGIN]</Token>
		<Settings>
			<Setting>
				<Name>CssClass</Name>
				<Value>user</Value>
			</Setting>
		</Settings>
	</Object>
	<Object>
		<Token>[CURRENTDATE]</Token>
		<Settings>
			<Setting>
				<Name>CssClass</Name>
				<Value>date</Value>
			</Setting>
			<Setting>
				<Name>DateFormat</Name>
				<Value>MMMM dd, yyyy</Value>
			</Setting>
		</Settings>
	</Object>	
	<Object>
		<Token>[COPYRIGHT]</Token>
		<Settings>
			<Setting>
				<Name>CssClass</Name>
				<Value>footer</Value>
			</Setting>
		</Settings>
	</Object>
	<Object>
		<Token>[HOSTNAME]</Token>
		<Settings>
			<Setting>
				<Name>CssClass</Name>
				<Value>footer</Value>
			</Setting>
		</Settings>
	</Object>
	<Object>
		<Token>[TERMS]</Token>
		<Settings>
			<Setting>
				<Name>CssClass</Name>
				<Value>footer</Value>
			</Setting>
		</Settings>
	</Object>
	<Object>
		<Token>[PRIVACY]</Token>
		<Settings>
			<Setting>
				<Name>CssClass</Name>
				<Value>footer</Value>
			</Setting>
		</Settings>
	</Object>
	<Object>
		<Token>[LINKS]</Token>
		<Settings>
			<Setting>
				<Name>CssClass</Name>
				<Value>links</Value>
			</Setting>
			<Setting>
				<Name>Separator</Name>
				<Value><![CDATA[&nbsp;&nbsp;&nbsp;&nbsp;]]></Value>
			</Setting>
		</Settings>
	</Object>
	<Object>
		<Token>[SEARCH]</Token>
		<Settings>
			<Setting>
				<Name>CssClass</Name>
				<Value>search</Value>
			</Setting>
			<Setting>
				<Name>showWeb</Name>
				<Value>False</Value>
			</Setting>
			<Setting>
				<Name>showsite</Name>
				<Value>False</Value>
			</Setting>
			<Setting>
         		<Name>Submit</Name>
         		<Value><![CDATA[<img src=&quot;images/search.gif&quot; border=&quot;0&quot; alt=&quot;Search&quot; /&gt;]]></Value>
      	 	</Setting>
		</Settings>
	</Object>
    <Object>
    	<Token>[LANGUAGE]</Token>
    	<Settings>
      		<Setting>
        		<Name>showMenu</Name>
        		<Value>False</Value>
      		</Setting>
      		<Setting>
        		<Name>showLinks</Name>
        		<Value>True</Value>
      		</Setting>
    	</Settings>
  	</Object>
</Objects>