<?xml version="1.0" encoding="utf-8"?>
<manifest xmlns="http://schemas.microsoft.com/wlw/manifest/weblog">
 <options>
  <clientType>Metaweblog</clientType>
  <supportsMultipleCategories>Yes</supportsMultipleCategories>
  <supportsCategories>Yes</supportsCategories>
  <supportsCustomDate>Yes</supportsCustomDate>
  <supportsKeywords>Yes</supportsKeywords>
  <supportsTrackbacks>Yes</supportsTrackbacks>
  <supportsEmbeds>No</supportsEmbeds>
  <supportsAuthor>No</supportsAuthor>
  <supportsExcerpt>No</supportsExcerpt>
  <supportsPassword>No</supportsPassword>
  <supportsPages>No</supportsPages>
  <supportsPageParent>No</supportsPageParent>
  <supportsPageOrder>No</supportsPageOrder>
  <supportsExtendedEntries>Yes</supportsExtendedEntries>
  <supportsCommentPolicy>Yes</supportsCommentPolicy>
  <supportsPingPolicy>Yes</supportsPingPolicy>
  <supportsPostAsDraft>Yes</supportsPostAsDraft>
  <supportsFileUpload>Yes</supportsFileUpload>
  <supportsSlug>No</supportsSlug>
  <supportsHierarchicalCategories>Yes</supportsHierarchicalCategories>
  <supportsCategoriesInline>Yes</supportsCategoriesInline>
  <supportsNewCategories>No</supportsNewCategories>
  <supportsNewCategoriesInline>No</supportsNewCategoriesInline>
 </options>
</manifest>
