<Settings>
	<Setting>
		<Name>AutoScrollMinimumHeight</Name>
		<Type>Integer</Type>
		<Help></Help>
		<Value></Value>
	</Setting>
	<Setting>
		<Name>AutoScrollMinimumWidth</Name>
		<Type>Integer</Type>
		<Help></Help>
		<Value></Value>
	</Setting>
	<Setting>
		<Name>ExpandAnimationType</Name>
		<Type>String</Type>
		<Help></Help>
		<Value></Value>
	</Setting>
	<Setting>
		<Name>ExpandAnimationDuration</Name>
		<Type>Integer</Type>
		<Help></Help>
		<Value></Value>
	</Setting>
	<Setting>
		<Name>CausesValidation</Name>
		<Type>Boolean</Type>
		<Help></Help>
		<Value></Value>
	</Setting>
	<Setting>
		<Name>CollapseAnimationDuration</Name>
		<Type>String</Type>
		<Help></Help>
		<Value></Value>
	</Setting>
	<Setting>
		<Name>ChildGroupFirstItem</Name>
		<Type>String</Type>
		<Help></Help>
		<Value></Value>
	</Setting>
	<Setting>
		<Name>ChildGroupFirstItemCssClass</Name>
		<Type>String</Type>
		<Help></Help>
		<Value></Value>
	</Setting>
	<Setting>
		<Name>ChildGroupFirstItemCssClassClicked</Name>
		<Type>String</Type>
		<Help></Help>
		<Value></Value>
	</Setting>
	<Setting>
		<Name>ChildGroupFirstItemCssClassOver</Name>
		<Type>String</Type>
		<Help></Help>
		<Value></Value>
	</Setting>
	<Setting>
		<Name>ChildGroupSeparator</Name>
		<Type>String</Type>
		<Help></Help>
		<Value></Value>
	</Setting>
	<Setting>
		<Name>ChildGroupSeparatorCssClass</Name>
		<Type>String</Type>
		<Help></Help>
		<Value></Value>
	</Setting>
	<Setting>
		<Name>ChildGroupSeparatorCssClassClicked</Name>
		<Type>String</Type>
		<Help></Help>
		<Value></Value>
	</Setting>
	<Setting>
		<Name>ChildGroupSeparatorCssClassOver</Name>
		<Type>String</Type>
		<Help></Help>
		<Value></Value>
	</Setting>
	<Setting>
		<Name>ChildGroupLastItem</Name>
		<Type>String</Type>
		<Help></Help>
		<Value></Value>
	</Setting>
	<Setting>
		<Name>ChildGroupLastItemCssClass</Name>
		<Type>String</Type>
		<Help></Help>
		<Value></Value>
	</Setting>
	<Setting>
		<Name>ChildGroupLastItemCssClassClicked</Name>
		<Type>String</Type>
		<Help></Help>
		<Value></Value>
	</Setting>
	<Setting>
		<Name>ChildGroupLastItemCssClassOver</Name>
		<Type>String</Type>
		<Help></Help>
		<Value></Value>
	</Setting>
	<Setting>
		<Name>CollapseAnimationType</Name>
		<Type>String</Type>
		<Help></Help>
		<Value></Value>
	</Setting>
	<Setting>
		<Name>CollapseAnimationDuration</Name>
		<Type>Integer</Type>
		<Help></Help>
		<Value></Value>
	</Setting>
	<Setting>
		<Name>CollapseDelay</Name>
		<Type>Integer</Type>
		<Help></Help>
		<Value></Value>
	</Setting>
	<Setting>
		<Name>ClickToOpen</Name>
		<Type>Boolean</Type>
		<Help></Help>
		<Value></Value>
	</Setting>
	<Setting>
		<Name>CopyChildItemLink</Name>
		<Type>Boolean</Type>
		<Help></Help>
		<Value></Value>
	</Setting>
	<Setting>
		<Name>CssClass</Name>
		<Type>String</Type>
		<Help></Help>
		<Value></Value>
	</Setting>
	<Setting>
		<Name>Dir</Name>
		<Type>String</Type>
		<Help></Help>
		<Value></Value>
	</Setting>
	<Setting>
		<Name>EnableAdminMenus</Name>
		<Type>Boolean</Type>
		<Help></Help>
		<Value></Value>
	</Setting>
	<Setting>
		<Name>EnableAutoScroll</Name>
		<Type>Boolean</Type>
		<Help></Help>
		<Value></Value>
	</Setting>
	<Setting>
		<Name>EnableEmbeddedBaseStylesheet</Name>
		<Type>Boolean</Type>
		<Help></Help>
		<Value></Value>
	</Setting>
	<Setting>
		<Name>EnableEmbeddedScripts</Name>
		<Type>Boolean</Type>
		<Help></Help>
		<Value></Value>
	</Setting>
	<Setting>
		<Name>EnableEmbeddedSkins</Name>
		<Type>Boolean</Type>
		<Help></Help>
		<Value></Value>
	</Setting>
	<Setting>
		<Name>EnableItemCss</Name>
		<Type>Boolean</Type>
		<Help></Help>
		<Value></Value>
	</Setting>
	<Setting>
		<Name>EnableLevelCss</Name>
		<Type>Boolean</Type>
		<Help></Help>
		<Value></Value>
	</Setting>
	<Setting>
		<Name>EnablePageIcons</Name>
		<Type>Boolean</Type>
		<Help></Help>
		<Value></Value>
	</Setting>
	<Setting>
		<Name>EnablePageIdCssClass</Name>
		<Type>Boolean</Type>
		<Help></Help>
		<Value></Value>
	</Setting>
	<Setting>
		<Name>EnableRootItemCss</Name>
		<Type>Boolean</Type>
		<Help></Help>
		<Value></Value>
	</Setting>
	<Setting>
		<Name>EnableScreenBoundaryDetection</Name>
		<Type>Boolean</Type>
		<Help></Help>
		<Value></Value>
	</Setting>
	<Setting>
		<Name>EnableToolTips</Name>
		<Type>Boolean</Type>
		<Help></Help>
		<Value></Value>
	</Setting>
	<Setting>
		<Name>EnableUserMenus</Name>
		<Type>Boolean</Type>
		<Help></Help>
		<Value></Value>
	</Setting>
	<Setting>
		<Name>ExpandDelay</Name>
		<Type>Integer</Type>
		<Help></Help>
		<Value></Value>
	</Setting>
	<Setting>
		<Name>Flow</Name>
		<Type>String</Type>
		<Help></Help>
		<Value></Value>
	</Setting>
	<Setting>
		<Name>GroupExpandDirection</Name>
		<Type>System.Web.UI.WebControls.Unit</Type>
		<Help></Help>
		<Value></Value>
	</Setting>
	<Setting>
		<Name>GroupFlow</Name>
		<Type>String</Type>
		<Help></Help>
		<Value></Value>
	</Setting>
	<Setting>
		<Name>GroupHeight</Name>
		<Type>System.Web.UI.WebControls.Unit</Type>
		<Help></Help>
		<Value></Value>
	</Setting>
	<Setting>
		<Name>GroupOffsetX</Name>
		<Type>Integer</Type>
		<Help></Help>
		<Value></Value>
	</Setting>
	<Setting>
		<Name>GroupOffsetY</Name>
		<Type>Integer</Type>
		<Help></Help>
		<Value></Value>
	</Setting>
	<Setting>
		<Name>GroupWidth</Name>
		<Type>System.Web.UI.WebControls.Unit</Type>
		<Help></Help>
		<Value></Value>
	</Setting>
	<Setting>
		<Name>Height</Name>
		<Type>System.Web.UI.WebControls.Unit</Type>
		<Help></Help>
		<Value></Value>
	</Setting>
	<Setting>
		<Name>ImagesOnlyMenu</Name>
		<Type>Boolean</Type>
		<Help></Help>
		<Value></Value>
	</Setting>
	<Setting>
		<Name>ItemBackColor</Name>
		<Type>System.Drawing.Color</Type>
		<Help></Help>
		<Value></Value>
	</Setting>
	<Setting>
		<Name>ItemBorderColor</Name>
		<Type>System.Drawing.Color</Type>
		<Help></Help>
		<Value></Value>
	</Setting>
	<Setting>
		<Name>ItemBorderStyle</Name>
		<Type>System.Web.UI.WebControls.BorderStyle</Type>
		<Help></Help>
		<Value></Value>
	</Setting>
	<Setting>
		<Name>ItemBorderWidth</Name>
		<Type>System.Web.UI.WebControls.Unit</Type>
		<Help></Help>
		<Value></Value>
	</Setting>
	<Setting>
		<Name>ItemClickedCssClass</Name>
		<Type>String</Type>
		<Help></Help>
		<Value></Value>
	</Setting>
	<Setting>
		<Name>ItemCssClass</Name>
		<Type>String</Type>
		<Help></Help>
		<Value></Value>
	</Setting>
	<Setting>
		<Name>ItemDisabledCssClass</Name>
		<Type>String</Type>
		<Help></Help>
		<Value></Value>
	</Setting>
	<Setting>
		<Name>ItemExpandedCssClass</Name>
		<Type>String</Type>
		<Help></Help>
		<Value></Value>
	</Setting>
	<Setting>
		<Name>ItemFocusedCssClass</Name>
		<Type>String</Type>
		<Help></Help>
		<Value></Value>
	</Setting>
	<Setting>
		<Name>ItemForeColor</Name>
		<Type>System.Drawing.Color</Type>
		<Help></Help>
		<Value></Value>
	</Setting>
	<Setting>
		<Name>ItemHeight</Name>
		<Type>System.Web.UI.WebControls.Unit</Type>
		<Help></Help>
		<Value></Value>
	</Setting>
	<Setting>
		<Name>ItemHoveredImageUrl</Name>
		<Type>String</Type>
		<Help></Help>
		<Value></Value>
	</Setting>
	<Setting>
		<Name>ItemImageUrl</Name>
		<Type>String</Type>
		<Help></Help>
		<Value></Value>
	</Setting>
	<Setting>
		<Name>ItemTarget</Name>
		<Type>String</Type>
		<Help></Help>
		<Value></Value>
	</Setting>
	<Setting>
		<Name>ItemWidth</Name>
		<Type>System.Web.UI.WebControls.Unit</Type>
		<Help></Help>
		<Value></Value>
	</Setting>
	<Setting>
		<Name>HeaderFirstItem</Name>
		<Type>String</Type>
		<Help></Help>
		<Value></Value>
	</Setting>
	<Setting>
		<Name>HeaderFirstItemCssClass</Name>
		<Type>String</Type>
		<Help></Help>
		<Value></Value>
	</Setting>
	<Setting>
		<Name>HeaderFirstItemCssClassClicked</Name>
		<Type>String</Type>
		<Help></Help>
		<Value></Value>
	</Setting>
	<Setting>
		<Name>HeaderFirstItemCssClassOver</Name>
		<Type>String</Type>
		<Help></Help>
		<Value></Value>
	</Setting>
	<Setting>
		<Name>HeaderLastItem</Name>
		<Type>String</Type>
		<Help></Help>
		<Value></Value>
	</Setting>
	<Setting>
		<Name>HeaderLastItemCssClass</Name>
		<Type>String</Type>
		<Help></Help>
		<Value></Value>
	</Setting>
	<Setting>
		<Name>HeaderLastItemCssClassClicked</Name>
		<Type>String</Type>
		<Help></Help>
		<Value></Value>
	</Setting>
	<Setting>
		<Name>HeaderLastItemCssClassOver</Name>
		<Type>String</Type>
		<Help></Help>
		<Value></Value>
	</Setting>
	<Setting>
		<Name>HeaderSeparator</Name>
		<Type>String</Type>
		<Help></Help>
		<Value></Value>
	</Setting>
	<Setting>
		<Name>HeaderSeparatorCssClass</Name>
		<Type>String</Type>
		<Help></Help>
		<Value></Value>
	</Setting>
	<Setting>
		<Name>HeaderSeparatorCssClassClicked</Name>
		<Type>String</Type>
		<Help></Help>
		<Value></Value>
	</Setting>
	<Setting>
		<Name>HeaderSeparatorCssClassOver</Name>
		<Type>String</Type>
		<Help></Help>
		<Value></Value>
	</Setting>
	<Setting>
		<Name>MaxItemNumber</Name>
		<Type>Integer</Type>
		<Help></Help>
		<Value></Value>
	</Setting>
	<Setting>
		<Name>MaxLevel</Name>
		<Type>Integer</Type>
		<Help></Help>
		<Value></Value>
	</Setting>
	<Setting>
		<Name>MaxLevelNumber</Name>
		<Type>Integer</Type>
		<Help></Help>
		<Value></Value>
	</Setting>
	<Setting>
		<Name>OnClientMouseOver</Name>
		<Type>String</Type>
		<Help></Help>
		<Value></Value>
	</Setting>
	<Setting>
		<Name>OnClientMouseOut</Name>
		<Type>String</Type>
		<Help></Help>
		<Value></Value>
	</Setting>
	<Setting>
		<Name>OnClientItemFocus</Name>
		<Type>String</Type>
		<Help></Help>
		<Value></Value>
	</Setting>
	<Setting>
		<Name>OnClientItemBlur</Name>
		<Type>String</Type>
		<Help></Help>
		<Value></Value>
	</Setting>
	<Setting>
		<Name>OnClientItemClicking</Name>
		<Type>String</Type>
		<Help></Help>
		<Value></Value>
	</Setting>
	<Setting>
		<Name>OnClientItemClicked</Name>
		<Type>String</Type>
		<Help></Help>
		<Value></Value>
	</Setting>
	<Setting>
		<Name>OnClientItemOpened</Name>
		<Type>String</Type>
		<Help></Help>
		<Value></Value>
	</Setting>
	<Setting>
		<Name>OnClientItemOpening</Name>
		<Type>String</Type>
		<Help></Help>
		<Value></Value>
	</Setting>
	<Setting>
		<Name>OnClientItemClosed</Name>
		<Type>String</Type>
		<Help></Help>
		<Value></Value>
	</Setting>
	<Setting>
		<Name>OnClientItemClosing</Name>
		<Type>String</Type>
		<Help></Help>
		<Value></Value>
	</Setting>
	<Setting>
		<Name>OnClientLoad</Name>
		<Type>String</Type>
		<Help></Help>
		<Value></Value>
	</Setting>
	<Setting>
		<Name>PagesToExclude</Name>
		<Type>String</Type>
		<Help></Help>
		<Value></Value>
	</Setting>	
	<Setting>
		<Name>RootItemCssClass</Name>
		<Type>String</Type>
		<Help></Help>
		<Value></Value>
	</Setting>
	<Setting>
		<Name>RootItemDisabledCssClass</Name>
		<Type>String</Type>
		<Help></Help>
		<Value></Value>
	</Setting>
	<Setting>
		<Name>RootItemExpandedCssClass</Name>
		<Type>String</Type>
		<Help></Help>
		<Value></Value>
	</Setting>
	<Setting>
		<Name>RootItemFocusedCssClass</Name>
		<Type>String</Type>
		<Help></Help>
		<Value></Value>
	</Setting>
	<Setting>
		<Name>RootItemClickedCssClass</Name>
		<Type>String</Type>
		<Help></Help>
		<Value></Value>
	</Setting>
	<Setting>
		<Name>RootItemImageUrl</Name>
		<Type>String</Type>
		<Help></Help>
		<Value></Value>
	</Setting>
	<Setting>
		<Name>RootItemHoveredImageUrl</Name>
		<Type>String</Type>
		<Help></Help>
		<Value></Value>
	</Setting>
	<Setting>
		<Name>RootItemTarget</Name>
		<Type>String</Type>
		<Help></Help>
		<Value></Value>
	</Setting>
	<Setting>
		<Name>RootItemBackColor</Name>
		<Type>System.Drawing.Color</Type>
		<Help></Help>
		<Value></Value>
	</Setting>
	<Setting>
		<Name>RootItemBorderColor</Name>
		<Type>System.Drawing.Color</Type>
		<Help></Help>
		<Value></Value>
	</Setting>
	<Setting>
		<Name>RootItemBorderWidth</Name>
		<Type>System.Web.UI.WebControls.Unit</Type>
		<Help></Help>
		<Value></Value>
	</Setting>
	<Setting>
		<Name>RootItemBorderStyle</Name>
		<Type>System.Web.UI.WebControls.BorderStyle</Type>
		<Help></Help>
		<Value></Value>
	</Setting>
	<Setting>
		<Name>RootItemForeColor</Name>
		<Type>System.Drawing.Color</Type>
		<Help></Help>
		<Value></Value>
	</Setting>
	<Setting>
		<Name>RootItemHeight</Name>
		<Type>System.Web.UI.WebControls.Unit</Type>
		<Help></Help>
		<Value></Value>
	</Setting>
	<Setting>
		<Name>RootItemWidth</Name>
		<Type>System.Web.UI.WebControls.Unit</Type>
		<Help></Help>
		<Value></Value>
	</Setting>
	<Setting>
		<Name>SelectedPathHeaderItemCss</Name>
		<Type>String</Type>
		<Help></Help>
		<Value></Value>
	</Setting>
	<Setting>
		<Name>SelectedPathItemCss</Name>
		<Type>String</Type>
		<Help></Help>
		<Value></Value>
	</Setting>
	<Setting>
		<Name>SelectedPathItemImage</Name>
		<Type>String</Type>
		<Help></Help>
		<Value></Value>
	</Setting>
	<Setting>
		<Name>SelectedPathHeaderItemImage</Name>
		<Type>String</Type>
		<Help></Help>
		<Value></Value>
	</Setting>
	<Setting>
		<Name>ShowOnlyCurrent</Name>
		<Type>String</Type>
		<Help></Help>
		<Value></Value>
	</Setting>
	<Setting>
		<Name>ShowPath</Name>
		<Type>Boolean</Type>
		<Help></Help>
		<Value></Value>
	</Setting>
	<Setting>
		<Name>Skin</Name>
		<Type>String</Type>
		<Help></Help>
		<Value></Value>
	</Setting>
	<Setting>
		<Name>Style</Name>
		<Type>String</Type>
		<Help></Help>
		<Value></Value>
	</Setting>
	<Setting>
		<Name>Width</Name>
		<Type>System.Web.UI.WebControls.Unit</Type>
		<Help></Help>
		<Value></Value>
	</Setting>
</Settings>