<Objects>
	<Object>
		<Token>[BREADCRUMB]</Token>
		<Settings>
			<Setting>
				<Name>CssClass</Name>
				<Value>SkinObject</Value>
			</Setting>
			<Setting>
				<Name>Separator</Name>
				<Value><![CDATA[&nbsp;&gt;&nbsp;]]></Value>
			</Setting>
			<Setting>
				<Name>RootLevel</Name>
				<Value>0</Value>
			</Setting>	
		</Settings>
	</Object>
<Object>
		<Token>[SOLPARTMENU]</Token>
		<Settings>	
			<Setting>
				<Name>Display</Name>
				<Value>Horizontal</Value>
			</Setting>
			<Setting>
				<Name>UseRootBreadcrumbArrow</Name>
				<Value>False</Value>
			</Setting>
			<Setting>
				<Name>UseSubMenuBreadcrumbArrow</Name>
				<Value>False</Value>
			</Setting>
			<Setting>
				<Name>UseArrows</Name>
				<Value>False</Value>
			</Setting>				
			<Setting>
				<Name>Rootmenuitemlefthtml</Name>
				<Value><![CDATA[]]></Value>
			</Setting>
			<Setting>				
				<Name>Rootmenuitemrighthtml</Name>
				<Value><![CDATA[&nbsp;]]></Value>
			</Setting>	
			<Setting>
				<Name>Separator</Name>
				<Value><![CDATA[<img src="images/separator.jpg" align=top border=0 alt="">]]></Value>
			</Setting>	
			<Setting>
				<Name>Submenuitemlefthtml</Name>
				<Value><![CDATA[]]></Value>
			</Setting>
			<Setting>
				<Name>RootMenuItemActiveCssClass</Name>
				<Value>MainMenu_MenuItemSel</Value>
			</Setting>
			<Setting>
				<Name>Submenuitemrighthtml</Name>
				<Value><![CDATA[]]></Value>
			</Setting>			
		</Settings>
	</Object>	
  	<Object>
		<Token>[COPYRIGHT]</Token>
		<Settings>
			<Setting>
				<Name>CssClass</Name>
				<Value>verdana12wht_nor_c</Value>
			</Setting>
		</Settings>
	</Object>
	<Object>
		<Token>[LINKS]</Token>
		<Settings>
			<Setting>
				<Name>CssClass</Name>
				<Value>verdana12wht_nor_c</Value>
			</Setting>
		</Settings>
	</Object>
	<Object>
		<Token>[CURRENTDATE]</Token>
		<Settings>
			<Setting>
				<Name>CssClass</Name>
				<Value>verdana12wht_nor_c</Value>
			</Setting>
		</Settings>
	</Object>
	<Object>
		<Token>[USER]</Token>
		<Settings>
			<Setting>
				<Name>CssClass</Name>
				<Value>login_t</Value>
			</Setting>
		</Settings>
	</Object>
	<Object>
		<Token>[LOGIN]</Token>
		<Settings>
			<Setting>
				<Name>CssClass</Name>
				<Value>login_t</Value>
			</Setting>
		</Settings>
	</Object>
	<Object>
		<Token>[TERMS]</Token>
		<Settings>
			<Setting>
				<Name>CssClass</Name>
				<Value>verdana12wht_nor_c</Value>
			</Setting>
		</Settings>
	</Object>
	<Object>
		<Token>[PRIVACY]</Token>
		<Settings>
			<Setting>
				<Name>CssClass</Name>
				<Value>verdana12wht_nor_c</Value>
			</Setting>
		</Settings>
	</Object>
	<Object>
		<Token>[SEARCH]</Token>
		<Settings>
			<Setting>
				<Name>CssClass</Name>
				<Value>dnnSearchCss</Value>
			</Setting>
			<Setting>
				<Name>ShowSite</Name>
				<Value>False</Value>
			</Setting>
			<Setting>
				<Name>ShowWeb</Name>
				<Value>False</Value>
			</Setting>
			<Setting>
				<Name>Submit</Name>
				<Value><![CDATA[<img src="images/submit.jpg" align=top border=0 alt="">]]></Value>
			</Setting>
		</Settings>
	</Object>
</Objects>